title,domestic_revenue,world_revenue,distributor,opening_revenue,opening_theaters,budget,MPAA,genres,release_days
Star Wars: Episode VIII - The Last Jedi,"$620,181,382","$1,332,539,889",Walt Disney Studios Motion Pictures,"$220,009,584","4,232","$317,000,000",PG-13,"Action,Adventure,Fantasy,Sci-Fi",382
The Fate of the Furious,"$226,008,385","$1,236,005,118",Universal Pictures,"$98,786,705","4,310","$250,000,000",PG-13,"Action,Adventure,Thriller",262
Wonder Woman,"$412,563,408","$821,847,012",Warner Bros.,"$103,251,471","4,165","$149,000,000",PG-13,"Action,Adventure,Fantasy,Sci-Fi,War",217
Guardians of the Galaxy Vol. 2,"$389,813,101","$863,756,051",Walt Disney Studios Motion Pictures,"$146,510,104","4,347","$200,000,000",PG-13,"Action,Adventure,Comedy,Sci-Fi",241
Beauty and the Beast,"$504,014,165","$1,263,521,126",Walt Disney Studios Motion Pictures,"$174,750,616","4,210","$160,000,000",PG,"Family,Fantasy,Musical,Romance",290
It,"$327,481,748","$700,381,748",Warner Bros.,"$123,403,419","4,103","$35,000,000",R,Horror,119
Spider-Man: Homecoming,"$334,201,140","$880,166,924",Sony Pictures Releasing,"$117,027,503","4,348","$175,000,000",PG-13,"Action,Adventure,Sci-Fi",182
Thor: Ragnarok,"$315,058,289","$853,977,126",Walt Disney Studios Motion Pictures,"$122,744,989","4,080","$180,000,000",PG-13,"Action,Adventure,Comedy,Fantasy,Sci-Fi",424
Logan,"$226,277,068","$619,021,436",Twentieth Century Fox,"$88,411,916","4,071","$97,000,000",R,"Action,Drama,Sci-Fi,Thriller",304
Despicable Me 3,"$264,624,300","$1,034,799,409",Universal Pictures,"$72,434,025","4,529","$80,000,000",PG,"Adventure,Animation,Comedy,Family,Fantasy,Sci-Fi",189
Girls Trip,"$115,171,585","$140,552,359",Universal Pictures,"$31,201,920","2,591","$19,000,000",R,"Adventure,Comedy,Drama",164
Rogue One: A Star Wars Story,"$532,177,324","$1,056,057,273",Walt Disney Studios Motion Pictures,"$155,081,681","4,157","$200,000,000",PG-13,"Action,Adventure,Sci-Fi",381
Sing,"$270,395,425","$634,151,679",Universal Pictures,"$35,258,145","4,022","$75,000,000",PG,"Animation,Comedy,Family,Musical",376
La La Land,"$151,101,803","$446,171,671",Lionsgate,"$881,104",5,"$30,000,000",PG-13,"Comedy,Drama,Music,Musical,Romance",388
Night School,"$77,339,130","$103,105,878",Universal Pictures,"$27,257,615","3,010","$29,000,000",PG-13,Comedy,460
Kingsman: The Golden Circle,"$100,234,838","$410,902,662",Twentieth Century Fox,"$39,023,010","4,003","$104,000,000",R,"Action,Adventure,Comedy",466
Blood Feast,"$8,708","$8,708",Hannover House,"$4,046",1,"$1,200,000",R,Horror,270
Just Getting Started,"$6,069,605","$7,634,022",Broad Green Pictures,"$3,201,459","2,161","$22,000,000",PG-13,"Action,Comedy",389
Mamma Mia!,"$39,601","$55,168",Fathom Events,"$23,376",243,"$52,000,000",PG-13,"Comedy,Musical,Romance",61
"Roman J. Israel, Esq.","$11,962,778","$13,025,860",Sony Pictures Releasing,"$61,999",4,"$22,000,000",PG-13,"Crime,Drama,Thriller",410
Halloween,"$159,342,015","$255,485,178",Universal Pictures,"$76,221,545","3,928","$10,000,000",R,"Horror,Thriller",439
Geostorm,"$33,700,160","$221,600,160",Warner Bros.,"$13,707,376","3,246","$120,000,000",PG-13,"Action,Sci-Fi,Thriller",438
Sleepless in Seattle,"$127,281","$127,281",Fathom Events,"$73,560",419,"$21,000,000",PG,"Comedy,Drama,Romance",33
Only the Brave,"$18,343,983","$26,351,322",Sony Pictures Releasing,"$6,002,665","2,577","$38,000,000",PG-13,"Action,Biography,Drama",438
The House with a Clock in Its Walls,"$68,549,695","$131,457,147",Universal Pictures,"$26,608,020","3,592","$42,000,000",PG,"Comedy,Family,Fantasy,Horror,Sci-Fi",467
First Man,"$44,936,545","$105,697,415",Universal Pictures,"$16,006,065","3,640","$59,000,000",PG-13,"Biography,Drama,History",446
A Bad Moms Christmas,"$72,110,659","$130,560,428",STX Entertainment,"$16,759,161","3,615","$28,000,000",R,Comedy,426
Superman,"$233,585","$233,585",Fathom Events,"$102,223",394,"$55,000,000",PG,"Action,Adventure,Drama,Sci-Fi",40
Get Out,"$176,040,665","$255,407,969",Universal Pictures,"$33,377,060","2,781","$4,500,000",R,"Horror,Mystery,Thriller",676
Jurassic Park,"$374,238","$374,238",Fathom Events,"$213,743",532,"$63,000,000",PG-13,"Action,Adventure,Sci-Fi,Thriller",107
Batman Forever,"$38,014","$38,387",Fathom Events,"$38,014",434,"$100,000,000",PG-13,"Action,Adventure,Fantasy",275
Blade Runner 2049,"$92,054,159","$259,239,658",Warner Bros.,"$32,753,122","4,058","$150,000,000",R,"Action,Drama,Mystery,Sci-Fi,Thriller",452
The Star,"$43,510","$43,510",Sony Pictures Releasing,"$43,510",623,"$20,000,000",PG,"Adventure,Animation,Comedy,Family,Fantasy",66
The Hate U Give,"$29,719,483","$34,934,009",Twentieth Century Fox,"$512,035",36,"$23,000,000",PG-13,"Crime,Drama",453
Marshall,"$10,051,659","$10,116,816",Open Road Films (II),"$3,000,805",821,"$12,000,000",PG-13,"Biography,Crime,Drama,History",445
The Magnificent Seven,"$93,432,655","$162,360,636",Sony Pictures Releasing,"$34,703,397","3,674","$90,000,000",PG-13,"Action,Adventure,Western",465
Schindler's List,"$833,050","$937,140",Universal Pictures,"$566,760","1,029","$22,000,000",R,"Biography,Drama,History",28
Once Upon a Deadpool,"$6,100,309","$51,247,568",Twentieth Century Fox,"$2,683,200","1,566","$110,000,000",R,"Action,Adventure,Comedy,Sci-Fi",385
The Star,"$40,852,824","$62,812,974",Sony Pictures Releasing,"$9,812,674","2,837","$20,000,000",PG,"Adventure,Animation,Comedy,Family,Fantasy",410
Grease,"$1,213,413","$1,710,727",Fathom Events,"$664,766",700,"$6,000,000",PG-13,"Musical,Romance",268
Dunkirk,"$1,695,119","$1,695,119",Warner Bros.,"$122,115",53,"$100,000,000",PG-13,"Action,Drama,History,Thriller,War",396
Paris Is Burning,"$125,677","$125,677",Janus Films,"$10,839",1,"$500,000",R,Documentary,242
Murder on the Orient Express,"$102,826,543","$352,789,811",Twentieth Century Fox,"$28,681,472","3,341","$55,000,000",PG-13,"Crime,Drama,Mystery",417
Daddy's Home 2,"$104,029,443","$180,613,180",Paramount Pictures,"$29,651,193","3,575","$69,000,000",PG-13,Comedy,417
Queen of Katwe,"$8,874,389","$10,367,161",Walt Disney Studios Motion Pictures,"$304,933",52,"$15,000,000",PG,"Biography,Drama,Sport",465
Robin Hood,"$30,824,628","$86,489,031",Lionsgate,"$9,195,670","2,827","$100,000,000",PG-13,"Action,Adventure,Thriller",406
Thor: Ragnarok,"$315,058,289","$853,977,126",Walt Disney Studios Motion Pictures,"$122,744,989","4,080","$180,000,000",PG-13,"Action,Adventure,Comedy,Fantasy,Sci-Fi",424
Johnny English Strikes Again,"$4,412,170","$158,970,776",Universal Pictures,"$1,638,895",544,"$25,000,000",PG,"Action,Adventure,Comedy",70
Action Point,"$5,059,608","$5,103,663",Paramount Pictures,"$2,390,164","2,032","$19,000,000",R,Comedy,214
Death of a Nation,"$5,885,881","$5,885,881",Quality Flix,"$2,356,522","1,005","$6,000,000",PG-13,"Documentary,History",151
Once Upon a Deadpool,"$6,100,309","$51,247,568",Twentieth Century Fox,"$2,683,200","1,566","$110,000,000",R,"Action,Adventure,Comedy,Sci-Fi",385
Every Day,"$6,102,076","$10,421,847",Orion Pictures,"$3,016,149","1,667","$4,900,000",PG-13,"Drama,Fantasy,Romance",312
The Hurricane Heist,"$6,115,825","$32,517,248",Entertainment Studios Motion Pictures,"$3,024,399","2,402","$35,000,000",PG-13,"Action,Adventure,Crime,Thriller",298
The Edge of Seventeen,"$14,431,633","$19,370,020",STX Entertainment,"$4,754,215","1,945","$9,000,000",R,"Comedy,Drama",409
Forrest Gump,"$203,088","$203,088",Fathom Events,"$114,767",560,"$55,000,000",PG-13,"Drama,Romance",233
Venom,"$213,515,506","$856,085,151",Sony Pictures Releasing,"$80,255,756","4,250","$100,000,000",PG-13,"Action,Sci-Fi,Thriller",453
The Possession of Hannah Grace,"$14,837,422","$43,016,528",Screen Gems,"$6,401,744","2,065","$7,700,000",R,"Horror,Mystery,Thriller",438
Downsizing,"$24,449,754","$55,003,890",Paramount Pictures,"$4,954,287","2,668","$68,000,000",R,"Drama,Sci-Fi",375
Unfriended: Dark Web,"$8,866,745","$16,024,987",BH Tilt,"$3,653,035","1,546","$1,000,000",R,"Horror,Mystery,Thriller",165
Hell Fest,"$11,107,431","$18,159,691",Lionsgate,"$5,130,963","2,297","$5,500,000",R,Horror,98
The Darkest Minds,"$12,695,691","$41,142,379",Twentieth Century Fox,"$5,842,609","3,127","$34,000,000",PG-13,"Action,Adventure,Drama,Romance,Sci-Fi,Thriller",151
The Possession of Hannah Grace,"$14,837,422","$43,016,528",Screen Gems,"$6,401,744","2,065","$7,700,000",R,"Horror,Mystery,Thriller",438
The Girl in the Spider's Web,"$14,841,338","$35,164,920",Sony Pictures Releasing,"$7,810,112","2,929","$43,000,000",R,"Action,Crime,Drama,Thriller",56
The Nutcracker and the Four Realms,"$54,858,851","$173,961,069",Walt Disney Studios Motion Pictures,"$20,352,491","3,766","$120,000,000",PG,"Adventure,Family,Fantasy",425
Hunter Killer,"$15,767,460","$31,672,678",Lionsgate,"$6,653,777","2,728","$40,000,000",R,"Action,Thriller",70
Forever My Girl,"$16,376,066","$16,376,066",Roadside Attractions,"$4,245,630","1,114","$3,500,000",PG,"Drama,Music,Romance",347
"Paul, Apostle of Christ","$17,560,475","$25,915,966",Affirm Films,"$5,172,585","1,473","$5,000,000",PG-13,"Adventure,Biography,Drama,History",284
SuperFly,"$20,545,116","$20,780,685",Sony Pictures Releasing,"$6,870,740","2,220","$16,000,000",R,"Action,Crime,Thriller",202
Operation Finale,"$17,612,099","$17,612,099",Metro-Goldwyn-Mayer (MGM),"$6,022,758","1,818","$24,000,000",PG-13,"Biography,Drama,History,Thriller,War",128
Bad Times at the El Royale,"$17,839,115","$31,882,724",Twentieth Century Fox,"$7,132,647","2,808","$32,000,000",R,"Crime,Drama,Mystery,Thriller",84
Bad Santa 2,"$17,782,178","$24,079,268",Broad Green Pictures,"$6,176,680","2,920","$26,000,000",R,"Comedy,Crime,Drama",404
The Happytime Murders,"$20,706,452","$27,506,452",STX Entertainment,"$9,532,425","3,256","$40,000,000",R,"Action,Comedy,Crime,Mystery,Thriller",130
Proud Mary,"$20,877,013","$21,753,365",Screen Gems,"$9,959,053","2,125","$14,000,000",R,"Action,Crime,Drama,Thriller",354
Holmes & Watson,"$30,573,626","$40,466,970",Sony Pictures Releasing,"$7,411,522","2,776","$42,000,000",PG-13,"Comedy,Crime,Mystery",413
Overlord,"$21,704,844","$41,657,844",Paramount Pictures,"$10,202,108","2,859","$38,000,000",R,"Action,Adventure,Horror,Mystery,Sci-Fi,War",56
Second Act,"$39,282,227","$72,282,227",STX Entertainment,"$6,489,983","2,607","$16,000,000",PG-13,"Comedy,Drama,Romance",417
White Boy Rick,"$24,011,188","$25,957,482",Studio 8,"$8,860,431","2,504","$29,000,000",R,"Crime,Drama",112
The Hate U Give,"$29,719,483","$34,934,009",Twentieth Century Fox,"$512,035",36,"$23,000,000",PG-13,"Crime,Drama",453
Teen Titans GO! to the Movies,"$29,790,236","$52,090,236",Warner Bros.,"$10,411,189","3,188","$10,000,000",PG,"Action,Adventure,Animation,Comedy,Family,Musical,Sci-Fi",158
Sully,"$125,070,033","$240,797,623",Warner Bros.,"$35,028,301","3,525","$60,000,000",PG-13,"Biography,Drama",479
Star Trek: The Motion Picture,"$346,243","$346,243",Fathom Events,"$220,007",627,"$35,000,000",G,"Adventure,Mystery,Sci-Fi",149
The Shawshank Redemption,"$358,507","$358,507",Fathom Events,"$183,128",669,"$25,000,000",R,Drama,142
Adrift,"$31,445,012","$59,945,012",STX Entertainment,"$11,603,039","3,015","$35,000,000",PG-13,"Action,Adventure,Biography,Drama,Romance,Thriller",214
Robin Hood,"$30,824,628","$86,489,031",Lionsgate,"$9,195,670","2,827","$100,000,000",PG-13,"Action,Adventure,Thriller",406
Nobody's Fool,"$31,713,110","$33,705,333",Paramount Pictures,"$13,743,111","2,468","$19,000,000",R,"Comedy,Drama,Romance",63
Slender Man,"$30,569,484","$51,738,549",Screen Gems,"$11,371,866","2,358","$10,000,000",PG-13,"Horror,Mystery,Thriller",144
Super Troopers 2,"$30,617,396","$31,626,386",Twentieth Century Fox,"$15,181,624","2,038","$13,500,000",R,"Comedy,Crime,Mystery",256
Ferdinand,"$84,410,380","$296,069,199",Twentieth Century Fox,"$13,401,586","3,621","$111,000,000",PG,"Adventure,Animation,Comedy,Family,Fantasy",382
Annihilation,"$32,732,301","$43,070,915",Paramount Pictures,"$11,071,584","2,012","$40,000,000",R,"Adventure,Drama,Horror,Mystery,Sci-Fi,Thriller",312
Green Book,"$85,080,171","$329,704,599",Universal Pictures,"$320,429",25,"$23,000,000",PG-13,"Biography,Comedy,Drama,Music",452
The Spy Who Dumped Me,"$33,562,069","$75,320,680",Lionsgate,"$12,103,043","3,111","$40,000,000",R,"Action,Adventure,Comedy",151
Peppermint,"$35,418,723","$53,918,723",STX Entertainment,"$13,423,255","2,980","$25,000,000",R,"Action,Drama,Thriller",116
The 15:17 to Paris,"$36,276,286","$57,076,286",Warner Bros.,"$12,554,286","3,042","$30,000,000",PG-13,"Biography,Drama,Thriller",326
Mile 22,"$36,108,758","$66,308,758",STX Entertainment,"$13,710,825","3,520","$50,000,000",R,"Action,Thriller",137
Death Wish,"$34,017,028","$49,562,710",Metro-Goldwyn-Mayer (MGM),"$13,010,267","2,847","$30,000,000",R,"Action,Crime,Drama,Thriller",305
Alpha,"$35,857,181","$98,203,196",Studio 8,"$10,352,512","2,719","$51,000,000",PG-13,"Adventure,Drama,Family",140
Pitch Perfect 3,"$104,897,530","$185,400,345",Universal Pictures,"$19,928,525","3,447","$45,000,000",PG-13,"Comedy,Music",375
Widows,"$42,402,632","$75,984,700",Twentieth Century Fox,"$12,361,307","2,803","$42,000,000",R,"Crime,Drama,Thriller",452
Blumhouse's Truth or Dare,"$41,411,015","$95,330,493",Universal Pictures,"$18,667,855","3,029","$3,500,000",PG-13,"Horror,Thriller",263
"Love, Simon","$40,826,341","$66,316,289",Twentieth Century Fox,"$11,756,244","2,402","$17,000,000",PG-13,"Comedy,Drama,Romance",291
Inferno,"$34,343,574","$220,021,259",Sony Pictures Releasing,"$14,860,425","3,576","$75,000,000",PG-13,"Action,Crime,Drama,Mystery,Thriller",430
Jack Reacher: Never Go Back,"$58,697,076","$162,146,076",Paramount Pictures,"$22,872,490","3,780","$60,000,000",PG-13,"Action,Thriller",437
Cruel Intentions,"$445,218","$445,218",Sony Pictures Releasing,"$258,708",708,"$10,500,000",R,"Drama,Romance",326
Sherlock Gnomes,"$43,242,871","$90,497,778",Paramount Pictures,"$10,604,774","3,662","$59,000,000",PG,"Adventure,Animation,Comedy,Family,Fantasy,Mystery,Romance",284
First Man,"$44,936,545","$105,697,415",Universal Pictures,"$16,006,065","3,640","$59,000,000",PG-13,"Biography,Drama,History",446
Goosebumps 2: Haunted Halloween,"$46,700,633","$93,320,380",Sony Pictures Releasing,"$15,802,225","3,521","$35,000,000",PG,"Adventure,Comedy,Family,Fantasy,Horror",84
Breaking In,"$46,840,590","$51,411,620",Universal Pictures,"$17,630,285","2,537","$6,000,000",PG-13,"Action,Crime,Drama,Thriller",235
Red Sparrow,"$46,874,505","$151,572,634",Twentieth Century Fox,"$16,853,422","3,056","$69,000,000",R,"Action,Drama,Thriller",305
BlacKkKlansman,"$49,275,340","$93,400,823",Focus Features,"$10,845,330","1,512","$15,000,000",R,"Biography,Crime,Drama",550
I Feel Pretty,"$48,795,601","$94,539,426",STX Entertainment,"$16,030,218","3,440","$32,000,000",PG-13,"Comedy,Romance",256
Sicario: Day of the Soldado,"$50,072,235","$75,837,743",Sony Pictures Releasing,"$19,007,566","3,055","$35,000,000",R,"Action,Crime,Drama,Thriller",186
Overboard,"$50,316,123","$91,244,913",Pantelion Films,"$14,711,101","1,623","$12,000,000",PG-13,"Comedy,Romance",242
The Nutcracker and the Four Realms,"$54,858,851","$173,961,069",Walt Disney Studios Motion Pictures,"$20,352,491","3,766","$120,000,000",PG,"Adventure,Family,Fantasy",425
The Predator,"$51,024,708","$160,542,134",Twentieth Century Fox,"$24,632,284","4,037","$88,000,000",R,"Action,Adventure,Sci-Fi,Thriller",112
A Simple Favor,"$53,548,586","$97,644,617",Lionsgate,"$16,011,689","3,102","$20,000,000",R,"Comedy,Crime,Drama,Mystery,Thriller",112
Maze Runner: The Death Cure,"$58,032,443","$288,175,335",Twentieth Century Fox,"$24,167,011","3,787","$62,000,000",PG-13,"Action,Adventure,Sci-Fi,Thriller",340
Tag,"$54,730,625","$78,130,625",Warner Bros.,"$14,947,396","3,382","$28,000,000",R,Comedy,200
Tomb Raider,"$58,250,803","$274,650,803",Warner Bros.,"$23,633,317","3,854","$94,000,000",PG-13,"Action,Adventure,Fantasy,Thriller",291
Widows,"$42,402,632","$75,984,700",Twentieth Century Fox,"$12,361,307","2,803","$42,000,000",R,"Crime,Drama,Thriller",452
Crazy Rich Asians,"$174,532,921","$238,532,921",Warner Bros.,"$26,510,140","3,384","$30,000,000",PG-13,"Comedy,Drama,Romance",504
Saving Private Ryan,"$508,694","$508,694",Fathom Events,"$265,125",642,"$70,000,000",R,"Drama,War",254
Pacific Rim: Uprising,"$59,874,525","$290,930,148",Universal Pictures,"$28,116,535","3,708","$150,000,000",PG-13,"Action,Adventure,Sci-Fi",284
Blockers,"$60,311,495","$94,017,294",Universal Pictures,"$20,556,350","3,379","$21,000,000",R,Comedy,270
The Mule,"$103,804,407","$174,804,407",Warner Bros.,"$17,509,431","2,588","$50,000,000",R,"Crime,Drama,Thriller",424
Instant Family,"$67,363,237","$120,556,201",Paramount Pictures,"$14,504,315","3,286","$48,000,000",PG-13,"Comedy,Drama",411
Skyscraper,"$68,420,120","$304,868,961",Universal Pictures,"$24,905,015","3,782","$125,000,000",PG-13,"Action,Adventure,Thriller",172
Insidious: The Last Key,"$67,745,330","$167,885,588",Universal Pictures,"$29,581,355","3,116","$10,000,000",PG-13,"Horror,Mystery,Thriller",361
The House with a Clock in Its Walls,"$68,549,695","$131,457,147",Universal Pictures,"$26,608,020","3,592","$42,000,000",PG,"Comedy,Family,Fantasy,Horror,Sci-Fi",467
The First Purge,"$69,488,745","$137,056,262",Universal Pictures,"$17,374,280","3,031","$13,000,000",R,"Action,Horror,Sci-Fi,Thriller",181
Bumblebee,"$127,195,589","$467,989,645",Paramount Pictures,"$21,654,047","3,550","$135,000,000",PG-13,"Action,Adventure,Sci-Fi",417
Game Night,"$69,179,066","$117,679,066",Warner Bros.,"$17,005,332","3,488","$37,000,000",R,"Action,Comedy,Crime,Mystery",312
Night School,"$77,339,130","$103,105,878",Universal Pictures,"$27,257,615","3,010","$29,000,000",PG-13,Comedy,460
The Post,"$81,903,458","$179,769,457",Twentieth Century Fox,"$526,011",9,"$50,000,000",PG-13,"Biography,Drama,History,Thriller",375
Almost Christmas,"$42,158,780","$42,580,920",Universal Pictures,"$15,134,235","2,376","$17,000,000",PG-13,"Comedy,Drama",416
My Fair Lady,"$560,711","$560,711",Fathom Events,"$354,764",652,"$17,000,000",G,"Drama,Family,Musical,Romance",359
Christopher Robin,"$99,215,042","$197,744,377",Walt Disney Studios Motion Pictures,"$24,585,139","3,602","$75,000,000",PG,"Adventure,Comedy,Drama,Family,Fantasy",154
I Can Only Imagine,"$83,482,352","$86,026,201",Roadside Attractions,"$17,108,914","1,629","$7,000,000",PG,"Biography,Drama,Family,Music",291
Fifty Shades Freed,"$100,407,760","$371,985,018",Universal Pictures,"$38,560,195","3,768","$55,000,000",R,"Drama,Romance,Thriller",326
The Equalizer 2,"$102,084,362","$190,400,157",Sony Pictures Releasing,"$36,011,640","3,388","$62,000,000",R,"Action,Crime,Thriller",165
Rampage,"$101,028,233","$428,028,233",Warner Bros.,"$35,753,093","4,101","$120,000,000",PG-13,"Action,Adventure,Sci-Fi",263
Star Wars: Episode VIII - The Last Jedi,"$620,181,382","$1,332,539,889",Walt Disney Studios Motion Pictures,"$220,009,584","4,232","$317,000,000",PG-13,"Action,Adventure,Fantasy,Sci-Fi",382
Mary Poppins Returns,"$171,958,438","$349,537,494",Walt Disney Studios Motion Pictures,"$23,523,121","4,090","$130,000,000",PG,"Comedy,Family,Fantasy,Musical",419
Peter Rabbit,"$115,253,424","$351,266,433",Sony Pictures Releasing,"$25,010,928","3,725","$50,000,000",PG,"Adventure,Comedy,Family,Fantasy",326
The Nun,"$117,450,119","$365,550,119",Warner Bros.,"$53,807,379","3,876","$22,000,000",R,"Horror,Mystery,Thriller",119
Creed II,"$115,715,889","$214,215,889",Metro-Goldwyn-Mayer (MGM),"$35,574,710","3,441","$50,000,000",PG-13,"Drama,Sport",447
Mamma Mia! Here We Go Again,"$120,634,935","$395,044,706",Universal Pictures,"$34,952,180","3,317","$75,000,000",PG-13,"Comedy,Musical,Romance",165
The Greatest Showman,"$174,340,174","$434,993,183",Twentieth Century Fox,"$8,805,843","3,006","$84,000,000",PG,"Biography,Drama,Musical",377
Ready Player One,"$137,690,172","$582,890,172",Warner Bros.,"$41,764,050","4,234","$175,000,000",PG-13,"Action,Adventure,Sci-Fi",278
All I See Is You,"$217,644","$678,150",Open Road Films (II),"$144,076",283,"$30,000,000",R,"Drama,Mystery,Romance",70
Donnie Darko,"$207,971","$212,034",Arrow Films,"$57,259",21,"$6,000,000",R,"Drama,Mystery,Sci-Fi,Thriller",276
The Meg,"$145,443,742","$530,243,742",Warner Bros.,"$45,402,195","4,118","$130,000,000",PG-13,"Action,Horror,Sci-Fi,Thriller",147
Fantastic Beasts: The Crimes of Grindelwald,"$159,555,901","$654,855,901",Warner Bros.,"$62,163,104","4,163","$200,000,000",PG-13,"Adventure,Family,Fantasy",452
Ocean's Eight,"$140,218,711","$297,718,711",Warner Bros.,"$41,607,378","4,145","$70,000,000",PG-13,"Action,Comedy,Crime,Thriller",207
Crazy Rich Asians,"$174,532,921","$238,532,921",Warner Bros.,"$26,510,140","3,384","$30,000,000",PG-13,"Comedy,Drama,Romance",504
Hotel Transylvania 3: Summer Vacation,"$167,510,016","$528,583,774",Sony Pictures Releasing,"$44,076,225","4,267","$80,000,000",PG,"Adventure,Animation,Comedy,Family,Fantasy",175
Ralph Breaks the Internet,"$201,091,711","$529,323,962",Walt Disney Studios Motion Pictures,"$56,237,634","4,017","$175,000,000",PG,"Adventure,Animation,Comedy,Family,Fantasy",447
Halloween,"$159,342,015","$255,485,178",Universal Pictures,"$76,221,545","3,928","$10,000,000",R,"Horror,Thriller",439
A Quiet Place,"$188,024,361","$340,939,361",Paramount Pictures,"$50,203,562","3,508","$17,000,000",PG-13,"Drama,Horror,Sci-Fi",270
Bohemian Rhapsody,"$216,428,042","$903,655,259",Twentieth Century Fox,"$51,061,119","4,000","$52,000,000",PG-13,"Biography,Drama,Music",466
Venom,"$213,515,506","$856,085,151",Sony Pictures Releasing,"$80,255,756","4,250","$100,000,000",PG-13,"Action,Sci-Fi,Thriller",453
Solo: A Star Wars Story,"$213,767,512","$392,924,807",Walt Disney Studios Motion Pictures,"$84,420,489","4,381","$275,000,000",PG-13,"Action,Adventure,Sci-Fi",221
A Star Is Born,"$215,288,866","$436,188,866",Warner Bros.,"$42,908,051","3,686","$36,000,000",R,"Drama,Music,Romance",494
Storks,"$72,679,278","$183,388,953",Warner Bros.,"$21,311,407","3,922","$70,000,000",PG,"Adventure,Animation,Comedy,Family,Fantasy",465
Mission: Impossible - Fallout,"$220,159,104","$791,115,104",Paramount Pictures,"$61,236,534","4,386","$178,000,000",PG-13,"Action,Adventure,Thriller",158
Dr. Seuss' The Grinch,"$270,620,950","$511,595,957",Universal Pictures,"$67,572,855","4,141","$75,000,000",PG,"Animation,Family,Fantasy",459
Jumanji: Welcome to the Jungle,"$404,515,480","$962,077,546",Sony Pictures Releasing,"$36,169,328","3,765","$90,000,000",PG-13,"Action,Adventure,Comedy,Fantasy",377
Deadpool 2,"$318,491,426","$734,546,611",Twentieth Century Fox,"$125,507,153","4,349","$110,000,000",R,"Action,Adventure,Comedy,Sci-Fi",228
Jurassic World: Fallen Kingdom,"$417,719,760","$1,308,467,944",Universal Pictures,"$148,024,610","4,475","$170,000,000",PG-13,"Action,Adventure,Sci-Fi",193
Miss Peregrine's Home for Peculiar Children,"$87,242,834","$296,482,446",Twentieth Century Fox,"$28,871,140","3,522","$110,000,000",PG-13,"Adventure,Drama,Fantasy,Thriller",458
Dunkirk,"$1,695,119","$1,695,119",Warner Bros.,"$122,115",53,"$100,000,000",PG-13,"Action,Drama,History,Thriller,War",396
Alien,"$833,658","$1,356,259",Fathom Events,"$386,976",682,"$11,000,000",R,"Horror,Sci-Fi",121
BlacKkKlansman,"$49,275,340","$93,400,823",Focus Features,"$10,845,330","1,512","$15,000,000",R,"Biography,Crime,Drama",550
The Accountant,"$86,260,045","$155,160,045",Warner Bros.,"$24,710,273","3,332","$44,000,000",R,"Action,Crime,Drama,Thriller",444
Allied,"$40,098,064","$119,520,023",Paramount Pictures,"$12,701,743","3,160","$85,000,000",R,"Action,Drama,Romance,Thriller,War",404
The Wizard of Oz,"$2,076,020","$2,076,020",Fathom Events,"$1,195,606",681,"$2,777,000",PG,"Adventure,Family,Fantasy,Musical",339
Titanic,"$691,642","$691,642",Paramount Pictures,"$438,602",87,"$200,000,000",PG-13,"Drama,Romance",35
Instant Family,"$67,363,237","$120,556,201",Paramount Pictures,"$14,504,315","3,286","$48,000,000",PG-13,"Comedy,Drama",411
Fantastic Beasts: The Crimes of Grindelwald,"$159,555,901","$654,855,901",Warner Bros.,"$62,163,104","4,163","$200,000,000",PG-13,"Adventure,Family,Fantasy",452
Creed II,"$115,715,889","$214,215,889",Metro-Goldwyn-Mayer (MGM),"$35,574,710","3,441","$50,000,000",PG-13,"Drama,Sport",447
Terminator 2: Judgment Day,"$1,037,809","$3,931,111",Distrib Films,"$552,773",371,"$102,000,000",R,"Action,Sci-Fi",129
Casablanca,"$1,024,560","$1,024,560",Fathom Events,"$596,068",725,"$950,000",PG,"Drama,Romance,War",54
Dr. Seuss' The Grinch,"$270,620,950","$511,595,957",Universal Pictures,"$67,572,855","4,141","$75,000,000",PG,"Animation,Family,Fantasy",459
Don't Let Go,"$5,215,062","$5,288,011",OTL Releasing,"$2,338,669",922,"$5,000,000",R,"Drama,Horror,Mystery,Thriller",165
The Goldfinch,"$5,332,621","$10,537,581",Warner Bros.,"$2,679,027","2,542","$45,000,000",R,Drama,151
A Ghost Story,"$1,596,371","$1,951,683",A24,"$104,030",4,"$100,000",R,"Drama,Fantasy,Romance",178
The Post,"$81,903,458","$179,769,457",Twentieth Century Fox,"$526,011",9,"$50,000,000",PG-13,"Biography,Drama,History,Thriller",375
Black Christmas,"$10,429,730","$18,529,730",Universal Pictures,"$4,240,245","2,625","$5,000,000",PG-13,"Horror,Mystery,Thriller",60
The Best of Enemies,"$10,205,616","$10,209,813",STX Entertainment,"$4,446,190","1,705","$10,000,000",PG-13,"Biography,Drama,History",312
Motherless Brooklyn,"$9,277,736","$18,377,736",Warner Bros.,"$3,500,454","1,342","$26,000,000",R,"Crime,Drama,Mystery",102
Holmes & Watson,"$30,573,626","$40,466,970",Sony Pictures Releasing,"$7,411,522","2,776","$42,000,000",PG-13,"Comedy,Crime,Mystery",413
T2 Trainspotting,"$2,402,004","$41,681,746",TriStar Pictures,"$170,575",5,"$18,000,000",R,Drama,290
Hacksaw Ridge,"$67,209,615","$180,450,918",Lionsgate,"$15,190,758","2,886","$40,000,000",R,"Biography,Drama,History,War",423
After,"$12,138,565","$69,733,482",Aviron Pictures,"$6,002,349","2,138","$14,000,000",PG-13,"Drama,Romance",305
The Kitchen,"$12,180,032","$15,980,032",Warner Bros.,"$5,527,410","2,745","$38,000,000",R,"Action,Crime,Drama",186
A Star Is Born,"$215,288,866","$436,188,866",Warner Bros.,"$42,908,051","3,686","$36,000,000",R,"Drama,Music,Romance",494
The Prodigy,"$14,856,291","$21,150,265",Orion Pictures,"$5,853,061","2,530","$6,000,000",R,"Horror,Thriller",368
Miss Bala,"$15,006,824","$15,383,580",Sony Pictures Releasing,"$6,864,744","2,203","$15,000,000",PG-13,"Action,Crime,Drama,Thriller",375
Second Act,"$39,282,227","$72,282,227",STX Entertainment,"$6,489,983","2,607","$16,000,000",PG-13,"Comedy,Drama,Romance",417
The Good Liar,"$17,156,058","$33,456,058",Warner Bros.,"$5,605,051","2,439","$10,000,000",R,"Crime,Drama,Mystery,Thriller",88
Brightburn,"$17,300,439","$32,893,421",Screen Gems,"$7,845,658","2,607","$6,000,000",R,"Drama,Horror,Mystery,Sci-Fi",263
Charlie's Angels,"$17,803,077","$70,960,003",Sony Pictures Releasing,"$8,351,109","3,452","$48,000,000",PG-13,"Action,Adventure,Comedy",88
Unplanned,"$19,005,109","$21,051,915",Pure Flix Entertainment,"$6,382,298","1,059","$6,000,000",R,"Biography,Drama",319
Cats,"$27,154,915","$71,954,915",Universal Pictures,"$6,619,870","3,380","$95,000,000",PG,"Comedy,Drama,Family,Fantasy,Musical",53
Doctor Strange,"$232,641,920","$677,718,395",Walt Disney Studios Motion Pictures,"$85,058,311","3,882","$165,000,000",PG-13,"Action,Adventure,Fantasy,Sci-Fi",423
An Inconvenient Sequel: Truth to Power,"$3,496,795","$5,433,926",Paramount Pictures,"$124,823",4,"$1,000,000",PG,Documentary,157
Trolls,"$153,707,064","$346,864,462",Twentieth Century Fox,"$46,581,142","4,060","$125,000,000",PG,"Adventure,Animation,Comedy,Family,Fantasy,Musical",423
Phoenix Forgotten,"$3,600,146","$3,600,146",Cinelou Films,"$1,816,499","1,626","$2,800,000",PG-13,"Horror,Mystery,Sci-Fi,Thriller",255
Friend Request,"$3,759,078","$10,975,390",Entertainment Studios Motion Pictures,"$2,002,863","2,573","$9,900,000",R,"Horror,Mystery,Thriller",105
Sleight,"$3,986,245","$3,989,705",BH Tilt,"$1,701,785",565,"$250,000",R,"Action,Drama,Sci-Fi,Thriller",248
Hellboy,"$21,903,748","$44,664,690",Lionsgate,"$12,045,147","3,303","$50,000,000",R,"Action,Adventure,Fantasy,Horror,Sci-Fi",305
Black and Blue,"$22,055,313","$22,741,061",Screen Gems,"$8,376,846","2,062","$12,000,000",R,"Action,Crime,Drama,Thriller",109
47 Meters Down: Uncaged,"$22,260,900","$46,783,103",Entertainment Studios Motion Pictures,"$8,427,265","2,853","$12,000,000",PG-13,"Adventure,Drama,Horror,Thriller",179
Countdown,"$25,621,766","$46,121,766",STX Entertainment,"$8,865,082","2,675","$6,500,000",PG-13,"Horror,Thriller",109
Ralph Breaks the Internet,"$201,091,711","$529,323,962",Walt Disney Studios Motion Pictures,"$56,237,634","4,017","$175,000,000",PG,"Adventure,Animation,Comedy,Family,Fantasy",447
Bohemian Rhapsody,"$216,428,042","$903,655,259",Twentieth Century Fox,"$51,061,119","4,000","$52,000,000",PG-13,"Biography,Drama,Music",466
21 Bridges,"$28,539,757","$48,939,757",STX Entertainment,"$9,261,268","2,665","$33,000,000",R,"Action,Crime,Drama,Thriller",81
Happy Death Day 2U,"$28,148,130","$64,600,152",Universal Pictures,"$9,497,665","3,207","$9,000,000",PG-13,"Comedy,Horror,Mystery,Sci-Fi,Thriller",363
Ready or Not,"$28,714,231","$57,615,777",Fox Searchlight Pictures,"$8,015,590","2,855","$6,000,000",R,"Comedy,Horror,Mystery,Thriller",174
Office Christmas Party,"$54,767,494","$114,501,299",Paramount Pictures,"$16,890,204","3,210","$45,000,000",R,Comedy,388
Just Getting Started,"$6,069,605","$7,634,022",Broad Green Pictures,"$3,201,459","2,161","$22,000,000",PG-13,"Action,Comedy",389
Collateral Beauty,"$31,016,021","$88,528,280",Warner Bros.,"$7,102,085","3,028","$36,000,000",PG-13,"Drama,Romance",381
All Saints,"$5,802,208","$5,942,565",Affirm Films,"$1,514,278",846,"$2,000,000",PG,Drama,129
The Snowman,"$6,700,035","$43,155,261",Universal Pictures,"$3,372,565","1,812","$35,000,000",R,"Crime,Drama,Mystery,Thriller",77
Child's Play,"$29,208,403","$44,902,237",United Artists Releasing,"$14,094,594","3,007","$10,000,000",R,"Horror,Sci-Fi",235
Overcomer,"$34,746,945","$38,026,103",Affirm Films,"$8,146,533","1,723","$5,000,000",PG,"Drama,Sport",172
The Intruder,"$35,419,122","$36,599,361",Screen Gems,"$10,855,054","2,222","$8,000,000",PG-13,"Drama,Horror,Mystery,Thriller",284
Little Women,"$102,961,255","$178,027,844",Sony Pictures Releasing,"$16,755,310","3,308","$40,000,000",PG,"Drama,Romance",48
Crawl,"$39,014,193","$91,542,097",Paramount Pictures,"$12,005,210","3,170","$13,500,000",R,"Drama,Horror,Thriller",214
The Mule,"$103,804,407","$174,804,407",Warner Bros.,"$17,509,431","2,588","$50,000,000",R,"Crime,Drama,Thriller",424
Breakthrough,"$40,713,082","$50,444,358",Twentieth Century Fox,"$11,282,333","2,824","$14,000,000",PG,"Biography,Drama",300
Last Christmas,"$35,150,750","$121,550,750",Universal Pictures,"$11,441,055","3,448","$25,000,000",PG-13,"Comedy,Drama,Romance",95
Little,"$40,860,481","$48,987,096",Universal Pictures,"$15,405,455","2,667","$20,000,000",PG-13,"Comedy,Fantasy,Romance",305
The Angry Birds Movie 2,"$41,667,116","$154,656,687",Sony Pictures Releasing,"$10,354,073","3,869","$65,000,000",PG,"Adventure,Animation,Comedy,Family",182
A Dog's Way Home,"$42,004,346","$80,708,134",Sony Pictures Releasing,"$11,251,263","3,090","$18,000,000",PG,"Adventure,Drama,Family",396
Harriet,"$43,082,155","$43,282,155",Focus Features,"$11,676,720","2,059","$17,000,000",PG-13,"Action,Biography,Drama,History",102
The Space Between Us,"$7,885,294","$16,080,475",STX Entertainment,"$3,775,596","2,812","$30,000,000",PG-13,"Drama,Romance,Sci-Fi",332
A Cure for Wellness,"$8,106,986","$26,620,002",Twentieth Century Fox,"$4,356,941","2,704","$40,000,000",R,"Drama,Fantasy,Horror,Mystery,Sci-Fi,Thriller",318
The Promise,"$8,224,288","$12,448,676",Open Road Films (II),"$4,095,718","2,251","$90,000,000",PG-13,"Action,Adventure,Drama,History,War",255
Marshall,"$10,051,659","$10,116,816",Open Road Films (II),"$3,000,805",821,"$12,000,000",PG-13,"Biography,Crime,Drama,History",445
Thank You for Your Service,"$9,536,300","$9,995,692",Universal Pictures,"$3,817,700","2,054","$20,000,000",R,"Biography,Drama,War",70
The Belko Experiment,"$10,166,820","$11,084,630",BH Tilt,"$4,137,230","1,341","$5,000,000",R,"Horror,Thriller",290
Fantastic Beasts and Where to Find Them,"$234,037,575","$814,037,575",Warner Bros.,"$74,403,387","4,144","$180,000,000",PG-13,"Adventure,Family,Fantasy",409
Arrival,"$100,546,139","$203,388,186",Paramount Pictures,"$24,074,047","2,317","$47,000,000",PG-13,"Drama,Mystery,Sci-Fi,Thriller",416
Unforgettable,"$11,368,012","$17,768,012",Warner Bros.,"$4,785,431","2,417","$12,000,000",R,"Drama,Thriller",255
Playing with Fire,"$44,451,847","$64,391,669",Paramount Pictures,"$12,723,781","3,125","$29,900,000",PG,"Comedy,Family",95
"Roman J. Israel, Esq.","$11,962,778","$13,025,860",Sony Pictures Releasing,"$61,999",4,"$22,000,000",PG-13,"Crime,Drama,Thriller",410
Rambo: Last Blood,"$44,819,352","$91,490,353",Lionsgate,"$18,872,919","3,618","$50,000,000",R,"Action,Adventure,Thriller",144
Ma,"$45,896,028","$61,105,672",Universal Pictures,"$18,099,805","2,808","$5,000,000",R,"Horror,Mystery,Thriller",256
Gemini Man,"$48,546,770","$173,469,516",Paramount Pictures,"$20,552,372","3,642","$138,000,000",PG-13,"Action,Drama,Sci-Fi,Thriller",123
Green Book,"$85,080,171","$329,704,599",Universal Pictures,"$320,429",25,"$23,000,000",PG-13,"Biography,Comedy,Drama,Music",452
What Men Want,"$54,611,903","$72,216,294",Paramount Pictures,"$18,232,087","2,912","$20,000,000",R,"Comedy,Fantasy,Romance",368
Pet Sematary,"$54,724,696","$113,118,226",Paramount Pictures,"$24,502,775","3,585","$21,000,000",R,"Horror,Mystery,Thriller",312
The Curse of la Llorona,"$54,733,739","$123,133,739",Warner Bros.,"$26,347,631","3,372","$9,000,000",R,"Horror,Mystery,Thriller",298
Dora and the Lost City of Gold,"$60,477,943","$120,729,461",Paramount Pictures,"$17,431,588","3,735","$49,000,000",PG,"Adventure,Family",186
Bumblebee,"$127,195,589","$467,989,645",Paramount Pictures,"$21,654,047","3,550","$135,000,000",PG-13,"Action,Adventure,Sci-Fi",417
Midway,"$56,846,802","$124,899,204",Lionsgate,"$17,897,419","3,242","$100,000,000",PG-13,"Action,Drama,History,War",95
A Beautiful Day in the Neighborhood,"$61,335,815","$65,797,820",Sony Pictures Releasing,"$13,251,238","3,235","$25,000,000",PG,"Biography,Drama",81
Escape Room,"$57,005,601","$155,712,077",Sony Pictures Releasing,"$18,238,172","2,717","$9,000,000",PG-13,"Action,Adventure,Horror,Mystery,Thriller",403
Abominable,"$60,716,390","$189,772,088",Universal Pictures,"$20,612,100","4,242","$75,000,000",PG,"Adventure,Animation,Comedy,Family,Fantasy",137
Terminator: Dark Fate,"$62,253,077","$261,119,292",Paramount Pictures,"$29,033,832","4,086","$185,000,000",R,"Action,Adventure,Sci-Fi",102
Mary Poppins Returns,"$171,958,438","$349,537,494",Walt Disney Studios Motion Pictures,"$23,523,121","4,090","$130,000,000",PG,"Comedy,Family,Fantasy,Musical",419
Scary Stories to Tell in the Dark,"$68,947,075","$105,647,580",Lionsgate,"$20,915,346","3,135","$25,000,000",PG-13,"Horror,Mystery,Thriller",186
Angel Has Fallen,"$69,030,436","$147,501,990",Lionsgate,"$21,380,987","3,286","$40,000,000",R,"Action,Thriller",172
Wish Upon,"$14,301,505","$23,468,586",Broad Green Pictures,"$5,467,084","2,250","$12,000,000",PG-13,"Drama,Fantasy,Horror,Mystery,Thriller",171
Detroit,"$16,790,139","$23,355,100",Annapurna Pictures,"$350,190",20,"$34,000,000",R,"Crime,Drama,History,Thriller",157
Flatliners,"$16,883,115","$45,158,254",Sony Pictures Releasing,"$6,574,326","2,552","$19,000,000",PG-13,"Drama,Horror,Mystery,Sci-Fi,Thriller",98
Moonlight,"$27,854,932","$65,336,603",A24,"$402,075",4,"$4,000,000",R,Drama,437
Downsizing,"$24,449,754","$55,003,890",Paramount Pictures,"$4,954,287","2,668","$68,000,000",R,"Drama,Sci-Fi",375
Mother!,"$17,800,004","$44,516,999",Paramount Pictures,"$7,534,673","2,368","$30,000,000",R,"Drama,Horror,Mystery",108
Only the Brave,"$18,343,983","$26,351,322",Sony Pictures Releasing,"$6,002,665","2,577","$38,000,000",PG-13,"Action,Biography,Drama",438
Assassin's Creed,"$54,647,948","$240,697,856",Twentieth Century Fox,"$10,278,225","2,970","$125,000,000",PG-13,"Action,Adventure,Sci-Fi",376
The Circle,"$20,497,844","$40,656,399",STX Entertainment,"$9,034,148","3,163","$18,000,000",PG-13,"Drama,Sci-Fi,Thriller",248
CHIPS,"$18,600,152","$26,800,152",Warner Bros.,"$7,722,802","2,464","$25,000,000",R,"Action,Comedy,Crime",283
Diary of a Wimpy Kid: The Long Haul,"$20,738,724","$40,140,972",Twentieth Century Fox,"$7,126,084","3,157","$22,000,000",PG,"Comedy,Family",227
Zombieland: Double Tap,"$73,123,082","$122,806,419",Sony Pictures Releasing,"$26,803,104","3,468","$42,000,000",R,"Action,Comedy,Horror",116
Yesterday,"$73,286,650","$153,707,793",Universal Pictures,"$17,010,050","2,603","$26,000,000",PG-13,"Comedy,Fantasy,Music,Musical,Romance",228
Manchester by the Sea,"$47,695,371","$78,988,148",Roadside Attractions,"$256,498",4,"$9,000,000",R,Drama,409
Men in Black: International,"$80,001,807","$253,890,701",Sony Pictures Releasing,"$30,035,838","4,224","$110,000,000",PG-13,"Action,Adventure,Comedy,Sci-Fi",242
Good Boys,"$83,140,306","$110,940,306",Universal Pictures,"$21,402,605","3,204","$20,000,000",R,"Adventure,Comedy",179
Alita: Battle Angel,"$85,710,210","$404,852,543",Twentieth Century Fox,"$28,525,613","3,790","$170,000,000",PG-13,"Action,Adventure,Sci-Fi,Thriller",362
Rocketman,"$96,368,160","$195,179,299",Paramount Pictures,"$25,725,722","3,610","$40,000,000",R,"Biography,Drama,Music,Musical",256
Hustlers,"$104,963,598","$157,563,598",STX Entertainment,"$33,181,361","3,250","$20,000,000",R,"Comedy,Crime,Drama,Thriller",151
Ford v Ferrari,"$116,413,744","$223,667,753",Twentieth Century Fox,"$31,474,958","3,528","$97,600,000",PG-13,"Action,Biography,Drama,Sport",88
The Upside,"$108,252,517","$125,852,517",STX Entertainment,"$20,355,000","3,080","$37,500,000",PG-13,"Comedy,Drama",396
Godzilla: King of the Monsters,"$110,500,138","$386,600,138",Warner Bros.,"$47,776,293","4,108","$170,000,000",PG-13,"Action,Adventure,Fantasy,Sci-Fi",256
Glass,"$111,048,468","$246,999,039",Universal Pictures,"$40,328,920","3,841","$20,000,000",PG-13,"Drama,Sci-Fi,Thriller",389
Dumbo,"$114,766,307","$353,284,621",Walt Disney Studios Motion Pictures,"$45,990,748","4,259","$170,000,000",PG,"Adventure,Family,Fantasy",319
Knives Out,"$159,063,469","$299,763,469",Lionsgate,"$26,769,548","3,461","$40,000,000",PG-13,"Comedy,Crime,Drama,Mystery,Thriller",76
My Little Pony: The Movie,"$21,885,107","$60,330,833",Lionsgate,"$8,885,899","2,528","$6,500,000",PG,"Adventure,Animation,Comedy,Drama,Family,Fantasy,Musical",91
Rough Night,"$22,105,643","$47,347,283",Sony Pictures Releasing,"$8,004,283","3,162","$20,000,000",R,"Comedy,Crime,Thriller",199
The Bye Bye Man,"$22,395,806","$29,874,280",STX Entertainment,"$13,501,349","2,220","$7,400,000",PG-13,"Drama,Fantasy,Horror,Mystery,Thriller",353
Gifted,"$24,801,212","$43,046,590",Fox Searchlight Pictures,"$446,380",56,"$7,000,000",PG-13,Drama,269
The House,"$25,584,504","$34,184,504",Warner Bros.,"$8,724,795","3,134","$40,000,000",R,"Comedy,Crime",185
Resident Evil: The Final Chapter,"$26,830,068","$312,242,626",Screen Gems,"$13,601,682","3,104","$40,000,000",R,"Action,Horror,Sci-Fi,Thriller",339
Home Again,"$27,020,284","$37,270,721",Open Road Films (II),"$8,567,881","2,940","$12,000,000",PG-13,"Comedy,Drama,Romance",119
Logan Lucky,"$27,780,977","$48,453,605",Bleecker Street Media,"$7,600,036","3,031","$29,000,000",PG-13,"Comedy,Crime,Drama",140
Rings,"$27,793,018","$83,080,890",Paramount Pictures,"$13,002,632","2,931","$25,000,000",PG-13,"Drama,Horror,Mystery,Romance",332
The Nut Job 2: Nutty by Nature,"$28,370,522","$68,743,485",Open Road Films (II),"$8,342,311","4,003","$40,000,000",PG,"Adventure,Animation,Comedy,Family,Fantasy",143
Why Him?,"$60,323,786","$118,102,725",Twentieth Century Fox,"$11,002,986","2,917","$38,000,000",R,Comedy,374
Life,"$30,234,022","$100,541,806",Sony Pictures Releasing,"$12,501,936","3,146","$58,000,000",R,"Horror,Sci-Fi,Thriller",283
The Mountain Between Us,"$30,348,555","$62,832,209",Twentieth Century Fox,"$10,551,336","3,088","$35,000,000",PG-13,"Action,Adventure,Drama,Romance,Thriller",91
Underworld: Blood Wars,"$30,353,973","$81,093,313",Screen Gems,"$13,688,751","3,070","$35,000,000",R,"Action,Drama,Fantasy,Horror,Sci-Fi,War",360
Kidnap,"$30,971,040","$34,814,102",Aviron Pictures,"$10,016,323","2,378","$21,000,000",R,"Crime,Drama,Thriller",154
Patriots Day,"$31,886,361","$52,185,751",Lionsgate,"$161,306",7,"$45,000,000",R,"Action,Crime,Drama,History,Thriller",376
Geostorm,"$33,700,160","$221,600,160",Warner Bros.,"$13,707,376","3,246","$120,000,000",PG-13,"Action,Sci-Fi,Thriller",438
Shazam!,"$140,371,656","$365,971,656",Warner Bros.,"$53,505,326","4,217","$100,000,000",PG-13,"Action,Adventure,Comedy,Fantasy",312
Fences,"$57,682,904","$64,414,761",Paramount Pictures,"$129,462",4,"$24,000,000",PG-13,Drama,381
Us,"$175,084,580","$255,184,580",Universal Pictures,"$71,117,625","3,741","$20,000,000",R,"Horror,Mystery,Thriller",326
Jumanji: The Next Level,"$298,827,461","$768,789,153",Sony Pictures Releasing,"$59,251,543","4,227","$125,000,000",PG-13,"Action,Adventure,Comedy,Fantasy",60
Once Upon a Time... in Hollywood,"$142,412,674","$374,251,247",Sony Pictures Releasing,"$41,082,018","3,659","$90,000,000",R,"Comedy,Drama",200
Pok√©mon Detective Pikachu,"$144,105,346","$433,005,346",Warner Bros.,"$54,365,242","4,202","$150,000,000",PG,"Action,Adventure,Comedy,Family,Mystery,Sci-Fi",277
The Secret Life of Pets 2,"$158,874,395","$430,051,293",Universal Pictures,"$46,652,680","4,561","$80,000,000",PG,"Adventure,Animation,Comedy,Family",249
How to Train Your Dragon: The Hidden World,"$160,799,505","$521,799,505",Universal Pictures,"$55,022,245","4,259","$129,000,000",PG,"Action,Adventure,Animation,Family,Fantasy",354
Joker,"$335,217,782","$1,072,417,782",Warner Bros.,"$96,202,337","4,374","$55,000,000",R,"Crime,Drama,Thriller",130
Aladdin,"$355,559,216","$1,050,693,953",Walt Disney Studios Motion Pictures,"$91,500,929","4,476","$183,000,000",PG,"Adventure,Family,Fantasy,Musical,Romance",263
Spider-Man: Far from Home,"$390,532,085","$1,131,927,996",Sony Pictures Releasing,"$92,579,212","4,634","$160,000,000",PG-13,"Action,Adventure,Sci-Fi",224
"Everything, Everything","$34,121,140","$61,621,140",Warner Bros.,"$11,727,390","2,801","$10,000,000",PG-13,"Drama,Romance",227
The Foreigner,"$34,393,507","$145,374,099",STX Entertainment,"$13,113,024","2,515","$35,000,000",R,"Action,Thriller",84
American Assassin,"$36,249,674","$67,234,188",Lionsgate,"$14,846,778","3,154","$33,000,000",R,"Action,Thriller",112
Jigsaw,"$38,052,832","$102,952,888",Lionsgate,"$16,640,452","2,941","$10,000,000",R,"Horror,Mystery,Thriller",70
King Arthur: Legend of the Sword,"$39,175,066","$148,675,066",Warner Bros.,"$15,371,270","3,702","$175,000,000",PG-13,"Action,Adventure,Drama,Fantasy",234
The Star,"$40,852,824","$62,812,974",Sony Pictures Releasing,"$9,812,674","2,837","$20,000,000",PG,"Adventure,Animation,Comedy,Family,Fantasy",410
The Lion King,"$543,638,043","$1,656,943,394",Walt Disney Studios Motion Pictures,"$191,770,759","4,725","$260,000,000",PG,"Adventure,Animation,Drama,Family,Musical",207
Wind River,"$33,800,859","$43,980,821",The Weinstein Company,"$161,558",4,"$11,000,000",R,"Crime,Drama,Mystery,Thriller",154
Valerian and the City of a Thousand Planets,"$41,189,488","$225,874,228",STX Entertainment,"$17,007,624","3,553","$177,200,000",PG-13,"Action,Adventure,Fantasy,Sci-Fi",164
Ghost in the Shell,"$40,563,557","$169,801,921",Paramount Pictures,"$18,676,033","3,440","$110,000,000",PG-13,"Action,Drama,Sci-Fi,Thriller",276
47 Meters Down,"$44,307,191","$62,187,529",Entertainment Studios Motion Pictures,"$11,205,561","2,270","$5,300,000",PG-13,"Adventure,Drama,Horror,Thriller",199
Passengers,"$100,014,699","$303,144,152",Sony Pictures Releasing,"$14,869,736","3,478","$110,000,000",PG-13,"Drama,Romance,Sci-Fi,Thriller",376
xXx: Return of Xander Cage,"$44,898,413","$346,118,277",Paramount Pictures,"$20,130,142","3,651","$85,000,000",PG-13,"Action,Adventure,Thriller",346
All Eyez on Me,"$44,922,302","$55,668,698",Lionsgate,"$26,435,354","2,471","$40,000,000",R,"Biography,Drama,Music",199
Going in Style,"$45,018,541","$84,918,541",Warner Bros.,"$11,932,330","3,061","$25,000,000",PG-13,"Comedy,Crime",269
Smurfs: The Lost Village,"$45,020,282","$197,183,546",Sony Pictures Releasing,"$13,210,449","3,610","$60,000,000",PG,"Adventure,Animation,Comedy,Family,Fantasy",269
The Great Wall,"$45,540,830","$334,933,831",Universal Pictures,"$18,469,620","3,326","$150,000,000",PG-13,"Action,Adventure,Fantasy,Thriller",318
Snatched,"$45,852,178","$60,845,711",Twentieth Century Fox,"$19,542,248","3,501","$42,000,000",R,"Action,Adventure,Comedy",234
Lion,"$51,738,905","$140,312,928",The Weinstein Company,"$123,360",4,"$12,000,000",PG-13,"Biography,Drama",402
Boo 2! A Madea Halloween,"$47,319,572","$48,333,932",Lionsgate,"$21,226,953","2,388","$25,000,000",PG-13,"Comedy,Drama,Horror",77
The Greatest Showman,"$174,340,174","$434,993,183",Twentieth Century Fox,"$8,805,843","3,006","$84,000,000",PG,"Biography,Drama,Musical",377
The Dark Tower,"$50,701,325","$113,231,078",Sony Pictures Releasing,"$19,153,698","3,451","$60,000,000",PG-13,"Action,Adventure,Fantasy,Horror,Sci-Fi,Western",150
American Made,"$51,342,000","$134,866,593",Universal Pictures,"$16,776,390","3,024","$50,000,000",R,"Action,Biography,Comedy,Crime",98
Atomic Blonde,"$51,687,870","$100,014,025",Focus Features,"$18,286,420","3,304","$30,000,000",R,"Action,Thriller",157
Avengers: Endgame,"$858,373,000","$2,797,800,564",Walt Disney Studios Motion Pictures,"$357,115,007","4,662","$356,000,000",PG-13,"Action,Adventure,Drama,Sci-Fi",291
Ferdinand,"$84,410,380","$296,069,199",Twentieth Century Fox,"$13,401,586","3,621","$111,000,000",PG,"Adventure,Animation,Comedy,Family,Fantasy",382
Happy Death Day,"$55,683,845","$125,479,266",Universal Pictures,"$26,039,025","3,149","$4,800,000",PG-13,"Horror,Mystery,Thriller",84
Baywatch,"$58,060,186","$177,856,751",Paramount Pictures,"$18,503,871","3,647","$69,000,000",R,"Action,Comedy,Crime",221
Pitch Perfect 3,"$104,897,530","$185,400,345",Universal Pictures,"$19,928,525","3,447","$45,000,000",PG-13,"Comedy,Music",375
A Bad Moms Christmas,"$72,110,659","$130,560,428",STX Entertainment,"$16,759,161","3,615","$28,000,000",R,Comedy,426
The Hitman's Bodyguard,"$75,468,583","$180,650,747",Lionsgate,"$21,384,504","3,377","$30,000,000",R,"Action,Comedy,Thriller",136
The Mummy,"$80,227,895","$409,231,607",Universal Pictures,"$31,688,375","4,035","$125,000,000",PG-13,"Action,Adventure,Fantasy,Thriller",206
Power Rangers,"$85,364,450","$142,337,240",Lionsgate,"$40,300,288","3,693","$100,000,000",PG-13,"Action,Adventure,Sci-Fi",283
A Dog's Purpose,"$64,508,620","$205,035,819",Universal Pictures,"$18,222,810","3,059","$22,000,000",PG,"Adventure,Comedy,Drama,Family,Fantasy",339
Captain Underpants: The First Epic Movie,"$73,921,000","$125,427,681",Twentieth Century Fox,"$23,851,539","3,434","$38,000,000",PG,"Action,Animation,Comedy,Family",217
Alien: Covenant,"$74,262,031","$240,891,763",Twentieth Century Fox,"$36,160,621","3,761","$97,000,000",R,"Horror,Sci-Fi,Thriller",227
The Emoji Movie,"$86,089,513","$217,776,646",Sony Pictures Releasing,"$24,531,923","4,075","$50,000,000",PG,"Adventure,Animation,Comedy,Family,Fantasy",161
Daddy's Home 2,"$104,029,443","$180,613,180",Paramount Pictures,"$29,651,193","3,575","$69,000,000",PG-13,Comedy,417
Blade Runner 2049,"$92,054,159","$259,239,658",Warner Bros.,"$32,753,122","4,058","$150,000,000",R,"Action,Drama,Mystery,Sci-Fi,Thriller",452
Annabelle: Creation,"$102,092,201","$306,515,884",Warner Bros.,"$35,006,404","3,502","$15,000,000",R,"Horror,Mystery,Thriller",143
Baby Driver,"$107,825,862","$226,945,087",TriStar Pictures,"$20,553,320","3,226","$34,000,000",R,"Action,Crime,Drama,Music,Thriller",187
Kingsman: The Golden Circle,"$100,234,838","$410,902,662",Twentieth Century Fox,"$39,023,010","4,003","$104,000,000",R,"Action,Adventure,Comedy",466
Murder on the Orient Express,"$102,826,543","$352,789,811",Twentieth Century Fox,"$28,681,472","3,341","$55,000,000",PG-13,"Crime,Drama,Mystery",417
Fifty Shades Darker,"$114,581,250","$381,545,846",Universal Pictures,"$46,607,250","3,710","$55,000,000",R,"Drama,Romance",325
Transformers: The Last Knight,"$130,168,683","$605,425,157",Paramount Pictures,"$44,680,073","4,069","$217,000,000",PG-13,"Action,Adventure,Sci-Fi",194
Split,"$138,291,365","$278,454,358",Universal Pictures,"$40,010,975","3,038","$9,000,000",PG-13,"Horror,Thriller",346
War for the Planet of the Apes,"$146,880,162","$490,719,763",Twentieth Century Fox,"$56,262,929","4,022","$150,000,000",PG-13,"Action,Adventure,Drama,Sci-Fi,Thriller",175
Hidden Figures,"$169,607,287","$235,956,898",Twentieth Century Fox,"$515,499",25,"$25,000,000",PG,"Biography,Drama,History",376
Kong: Skull Island,"$168,052,812","$566,652,812",Warner Bros.,"$61,025,472","3,846","$185,000,000",PG-13,"Action,Adventure,Fantasy,Sci-Fi",297
Jumanji: Welcome to the Jungle,"$404,515,480","$962,077,546",Sony Pictures Releasing,"$36,169,328","3,765","$90,000,000",PG-13,"Action,Adventure,Comedy,Fantasy",377
Pirates of the Caribbean: Dead Men Tell No Tales,"$172,558,876","$794,861,794",Walt Disney Studios Motion Pictures,"$62,983,253","4,276","$230,000,000",PG-13,"Action,Adventure,Fantasy",220
Get Out,"$176,040,665","$255,407,969",Universal Pictures,"$33,377,060","2,781","$4,500,000",R,"Horror,Mystery,Thriller",676
The Lego Batman Movie,"$175,750,384","$311,950,384",Warner Bros.,"$53,003,468","4,088","$80,000,000",PG,"Action,Animation,Comedy,Family",325
Dunkirk,"$188,045,546","$525,245,546",Warner Bros.,"$50,513,488","3,720","$100,000,000",PG-13,"Action,Drama,History,Thriller,War",168
